{
  "final_value": 1003783.75,
  "total_return": 3783.75,
  "sharpe_ratio": 0.05834967510960161,
  "max_drawdown": 33.253625,
  "total_trades": 1,
  "won_trades": 0,
  "lost_trades": 0
}